parameter,type,baseline_value,step,dcp_dparam,droot_moment_dparam,dsolidity_dparam,dtradeoff_distance_dparam,impact_tradeoff,notes
blades,integer,3.0,1.0,0.022449081459601866,144341.1077765422,0.002051115637279395,-0.017442329279007796,0.046541972447347035,two-sided integer difference using B=2 and B=4
airfoil,categorical,23012,,,,,,0.0172285521025064,"best alternate=24012 (delta_tradeoff_distance=0.002123), max_abs_tradeoff_shift=0.017229"
hub_radius_ratio,continuous,0.3,0.0031999999999999997,-0.3759156604538095,-6077606.207385143,-0.10421593329441672,-0.5495753579052817,0.0017586411452968909,central finite difference around selected design
chord_scale,continuous,0.7266545315426103,0.013999999999999999,0.23728694020992286,2446718.2512093545,0.04395782204169383,0.04139830343828441,0.0009190044533999853,central finite difference around selected design
aoa_deg,continuous,8.308618843612978,0.19,-0.0032070911495498586,-22058.573365653923,-0.0027970665969683133,0.0013049990920464495,0.0002970950538311312,central finite difference around selected design
twist_scale,continuous,0.9941522545652772,0.009,0.004934680987408113,181453.72180907254,0.0,0.02816165576459278,0.00025473917600637996,central finite difference around selected design
tip_speed_ratio,continuous,7.11115005388304,0.136,0.003967734387650711,40264.14923814142,-0.008080953653057558,-0.001221733883670932,0.00023221829235109404,central finite difference around selected design
