parameter,type,baseline_value,step,dcp_dparam,droot_moment_dparam,dsolidity_dparam,dtradeoff_distance_dparam,impact_tradeoff,notes
blades,integer,3.0,1.0,0.025687237554706588,198580.68762500677,0.002516984246202822,0.0038669662233903335,0.05961563432322636,two-sided integer difference using B=2 and B=4
airfoil,categorical,4415,,,,,,0.02448630641772842,"best alternate=23012 (delta_tradeoff_distance=0.001317), max_abs_tradeoff_shift=0.024486"
chord_scale,continuous,0.7938562072868955,0.012000000000000002,0.2062907898965278,2548969.7479818496,0.045548540921154186,0.35980870854791297,0.0045471399264267465,central finite difference around selected design
hub_radius_ratio,continuous,0.2626793742964547,0.0026000000000000007,-0.34540368304499836,-6530634.515872605,-0.13032384425817772,-1.2889902004385232,0.0033948042360011366,central finite difference around selected design
tip_speed_ratio,continuous,6.5570548599263265,0.11,0.007153236737261738,85025.07092718815,-0.009799930169943169,0.0069805551613132295,0.0008410170542701989,central finite difference around selected design
aoa_deg,continuous,8.522151657331273,0.16,-0.003965846418878604,-13502.959835740317,-0.002034047854321522,0.003027871317196754,0.0006007223745021495,central finite difference around selected design
twist_scale,continuous,0.9472564661695044,0.006999999999999999,-0.0025661075973372645,83629.96845782195,0.0,0.02961385067385649,0.00021009930234627827,central finite difference around selected design
